actionId,name,cost,range,hpDelta,spDelta,rate,draw,role,power,tags,addStatus,ownerType
slash,斬撃,1,front1,-20,0,75,,攻撃,2,,,火
borusiti,ボルシチダイナマイト,3,front1,-40,0,25,,攻撃,3,,,火
hakkei,発勁,3,"rf1+lf1",-30,0,50,,攻撃,3,,,火
MA1,マーシャルアーツ1,2,"front1+rf1",-20,0,50,,補助,4,,followUp,火
tomoenage,巴投げ,3,"rf1+lf1",-20,0,55,,コントロール,5,knockback,,火
hakkou,八光,4,"front1+side1+rf1",-20,0,60,,攻撃,4,,,火
back_drop,バックドロップ,3,back1,-50,0,40,,攻撃,4,,,火
tuki,突き,1,side1,-10,0,40,,攻撃,1,,,水
taisyuu1,ワキガかがせ,2,side1,0,0,35,,妨害,2,,smell,水
syuriken,手裏剣,2,front2,-10,0,65,,攻撃,1,,,風
twinslash,ツインスラッシュ,3,"side1+f2",-10,0,85,,攻撃,4,,aoe,風
wind_syuriken,風手裏剣,2,front3,-10,0,60,,攻撃,3,,pierce,風
ukemi,受身,1,self,0,0,50,,防御,3,,evade,風
hadouken,波動拳,3,front4,-10,0,50,,攻撃,3,,,風
kirisaku,切り裂く,2,side1,-10,0,50,,妨害,3,,lostSoul,光
huiuti,不意打ち(確定攻撃),1,front1,-10,0,100,,攻撃,3,,,光
low_kick,ローキック,2,"back1+front1",-10,0,55,,妨害,3,,fracture,光
apper,アッパー,2,"rf1+lf1",-30,0,35,,攻撃,3,,,光
soul_drain,吸い取る,2,front1,0,-10,50,,攻撃,2,,,闇
osou,襲いかかる,2,f2,-10,-10,20,,攻撃,2,,,闇
sukasippe,すかしっぺ,4,"side1+front1",0,-20,35,,攻撃,3,,,闇
ougi1,奥義・オマン付き,5,front1,-20,-20,25,,攻撃,4,,,闇
taisyuu2,フロキャン,3,side1,0,-10,40,,妨害,3,,lostSoul,闇
inv_daibakuhatu,インバータ大爆発,4,adj4,-50,0,10,,攻撃,4,,,闇
mekakusi_play,目隠しプレイ,1,side1,0,0,40,,妨害,3,,blind,闇
inv_kaku,インバータ核爆発,4,"adj4+rf1+lf1",-200,0,5,,攻撃,3,,,闇
spark,ばちばち,2,rf1,-10,0,50,1,ドロー,3,,,雷
teate1,応急手当て,1,front1,10,0,65,,回復,2,,,草
teate2,救急手当,2,side1,20,0,50,,回復,3,,,草
mental_bunseki,精神分析,1,front1,0,10,30,,回復,2,,,草
hug,抱きつく,3,front1,0,-10,40,,攻撃,2,,,
hataku,はたく,1,front1,-10,0,40,,攻撃,1,,,
hikkaki,ひっかく,1,side1,-10,0,35,,攻撃,1,,,
kobusi,こぶし,1,front1,-10,0,50,,攻撃,2,,,
kick,キック,1,"front1+side1",-20,0,30,,攻撃,2,,,
kumituki,組み付き,1,front1,-10,0,80,,攻撃,3,,,
hundgun,ハンドガン,2,front2,-10,0,75,,攻撃,2,,,
shotgun,ショットガン,3,"rf1+front1+lf1",-10,0,35,,攻撃,3,,aoe,
tubatobasi,唾飛ばし,1,rf1,0,10,25,攻撃,,,,
sigotoatae,重圧,5,"front1+lf2",-10,-10,60,攻撃,,,fracture,
119,緊急治療,2,front2,10,10,50,回復,,,
