actionId,name,cost,range,hpDelta,spDelta,rate,draw,role,power,tags,addStatus,ownerType
slash,斬撃,1,front1,-20,0,75,,攻撃,2,,,火
borusiti,ボルシチダイナマイト,3,front1,-40,0,25,,攻撃,3,,,火
hakkei,発勁,3,"rf1+lf1",-30,0,50,,攻撃,3,,,火
MA1,マーシャルアーツ1,2,"front1+rf1",-20,0,50,,補助,4,,followUp,火
tomoenage,巴投げ,3,"rf1+lf1",-20,0,55,,コントロール,5,knockback,,火
hakkou,八光,4,"front1+side1+rf1",-20,0,60,,攻撃,4,,,火
back_drop,バックドロップ,3,back1,-50,0,40,,攻撃,4,,,火
tuki,突き,1,side1,-10,0,40,,攻撃,1,,,水
taisyuu1,ワキガかがせ,2,side1,0,0,35,,妨害,2,,smell,水
syuriken,手裏剣,2,front2,-10,0,65,,攻撃,1,,,風
twinslash,ツインスラッシュ,3,"side1+f2",-10,0,85,,攻撃,4,,aoe,風
wind_syuriken,風手裏剣,2,front3,-10,0,60,,攻撃,3,,pierce,風
ukemi,受身,1,self,0,0,50,,防御,3,,evade,風
hadouken,波動拳,3,front4,-10,0,50,,攻撃,3,,,風
kirisaku,切り裂く,2,side1,-10,0,50,,妨害,3,,lostSoul,光
huiuti,不意打ち(確定攻撃),1,front1,-10,0,100,,攻撃,3,,,光
low_kick,ローキック,2,"back1+front1",-10,0,55,,妨害,3,,fracture,光
apper,アッパー,2,"rf1+lf1",-30,0,35,,攻撃,3,,,光
soul_drain,吸い取る,2,front1,0,-10,50,,攻撃,2,,,闇
osou,襲いかかる,2,f2,-10,-10,20,,攻撃,2,,,闇
sukasippe,すかしっぺ,4,"side1+front1",0,-20,35,,攻撃,3,,,闇
ougi1,奥義・オマン付き,5,front1,-20,-20,25,,攻撃,4,,,闇
taisyuu2,フロキャン,3,side1,0,-10,40,,妨害,3,,lostSoul,闇
inv_daibakuhatu,インバータ大爆発,4,adj4,-50,0,10,,攻撃,4,,,闇
mekakusi_play,目隠しプレイ,1,side1,0,0,40,,妨害,3,,blind,闇
inv_kaku,インバータ核爆発,4,"adj4+rf1+lf1",-200,0,5,,攻撃,3,,,闇
spark,ばちばち,2,rf1,-10,0,50,1,ドロー,3,,,雷
teate1,応急手当て,1,front1,10,0,65,,回復,2,,,草
teate2,救急手当,2,side1,20,0,50,,回復,3,,,草
mental_bunseki,精神分析,1,front1,0,10,30,,回復,2,,,草
hug,抱きつく,3,front1,0,-10,40,,攻撃,2,,,
hataku,はたく,1,front1,-10,0,40,,攻撃,1,,,
hikkaki,ひっかく,1,side1,-10,0,35,,攻撃,1,,,
kobusi,こぶし,1,front1,-10,0,50,,攻撃,2,,,
kick,キック,1,"front1+side1",-20,0,30,,攻撃,2,,,
kumituki,組み付き,1,front1,-10,0,80,,攻撃,3,,,
hundgun,ハンドガン,2,front2,-10,0,75,,攻撃,2,,,
shotgun,ショットガン,3,"rf1+front1+lf1",-10,0,35,,攻撃,3,,aoe,
tubatobasi,唾飛ばし,1,rf1,0,10,25,攻撃,,,,
sigotoatae,重圧,5,"front1+lf2",-10,-10,60,攻撃,,,fracture,
119,緊急治療,2,front2,10,10,50,回復,,,

ft_fire_redhood_a1,狼狩りの一閃,1,front1,-10,0,65,,攻撃,1,,,火
ft_fire_redhood_a2,赤い火花,2,rf1+lf1,-20,0,40,,攻撃,2,,,火
ft_fire_match_girl_a1,小さな灯り,1,front1,-10,0,60,1,補助,2,,,火
ft_fire_match_girl_a2,最後の火,3,front1,-20,0,30,,攻撃,2,,,火
ft_fire_ginger_knight_a1,砂糖焦がし,2,front1,-20,0,60,,攻撃,2,,,火
ft_fire_ginger_knight_a2,焼きたてシールド,1,self,10,0,75,,回復,1,,,火
ft_fire_dragon_beanstalk_a1,火竜の息,3,front2,-20,0,50,,攻撃,2,,,火
ft_fire_dragon_beanstalk_a2,雲上の火球,4,front3,-30,0,30,,攻撃,2,,,火
ft_fire_salamander_piper_a1,火笛の行進,2,front1+side1,-10,0,55,,妨害,2,,smell,火
ft_fire_salamander_piper_a2,踊る火柱,3,front2,-20,0,40,,攻撃,2,,,火
ft_fire_cinder_heir_a1,硝子の火花,2,rf1+lf1,-20,0,60,,攻撃,2,,,火
ft_fire_cinder_heir_a2,十二時の逆火,4,front1,-40,0,25,,攻撃,3,followUp,,火
ft_fire_phoenix_tailor_a1,七羽の一刺し,3,front1+rf1+lf1,-20,0,55,,攻撃,2,,,火
ft_fire_phoenix_tailor_a2,不死鳥の裁断,5,front2,-40,0,35,,攻撃,3,,,火
ft_water_mermaid_a1,泡の旋律,1,front1,0,-10,60,,攻撃,2,,,水
ft_water_mermaid_a2,潮の抱擁,2,self,10,10,75,,回復,2,,,水
ft_water_snow_queen_a1,凍る視線,2,front2,-10,-10,50,,妨害,3,,blind,水
ft_water_snow_queen_a2,氷の宮殿,3,self,20,10,75,,回復,3,,,水
ft_water_frog_prince_a1,跳ねる水剣,1,front1+side1,-10,0,60,,攻撃,1,,,水
ft_water_frog_prince_a2,王冠の雫,2,front1,10,10,65,,回復,2,,,水
ft_water_bluebeard_a1,水牢の鍵,2,front1,-10,-10,50,,攻撃,2,,,水
ft_water_bluebeard_a2,沈む部屋,3,side1,-10,-10,40,,攻撃,2,,,水
ft_water_swan_lake_a1,湖面斬り,2,front1+rf1,-10,-10,55,,攻撃,2,,,水
ft_water_swan_lake_a2,羽衣の回復,2,self,10,10,70,,回復,2,,,水
ft_water_moon_turtle_a1,満潮ガード,2,self,20,0,80,,回復,2,,,水
ft_water_moon_turtle_a2,月波,3,front2,-10,-10,50,,攻撃,2,,,水
ft_water_leviathan_book_a1,深海の一文,3,front3,-10,-10,55,,攻撃,2,,,水
ft_water_leviathan_book_a2,物語を沈める波,5,front2+side1,-20,-10,35,,攻撃,3,,,水
ft_thunder_puss_boots_a1,雷ステップ,1,front1+side1,-10,0,70,1,補助,2,,,雷
ft_thunder_puss_boots_a2,長靴キック,2,front1,-10,0,55,,攻撃,1,,,雷
ft_thunder_tin_soldier_a1,電令射撃,1,front2,-10,0,60,,攻撃,1,,,雷
ft_thunder_tin_soldier_a2,隊列点火,2,front1,-10,0,55,1,補助,2,,,雷
ft_thunder_jack_bean_a1,豆の木スパーク,2,front2,-10,0,60,1,補助,2,,,雷
ft_thunder_jack_bean_a2,巨人落とし,3,front1,-20,0,45,,攻撃,2,,,雷
ft_thunder_hare_clock_a1,時針ショック,1,front1,-10,0,65,,攻撃,1,,,雷
ft_thunder_hare_clock_a2,急ぎ足,1,self,0,10,75,1,回復,2,,,雷
ft_thunder_goose_golden_a1,くっつき放電,2,side1,-10,0,55,,妨害,2,,silence,雷
ft_thunder_goose_golden_a2,金羽ドロー,1,self,0,0,75,1,補助,1,,,雷
ft_thunder_sleeping_needle_a1,紡錘ショック,2,front2,-10,0,65,,攻撃,1,,,雷
ft_thunder_sleeping_needle_a2,百年の目覚め,3,self,10,10,75,1,回復,3,,,雷
ft_thunder_storm_giant_a1,雷太鼓,3,front3,-20,0,60,1,補助,2,,,雷
ft_thunder_storm_giant_a2,空割り,5,front2,-40,0,40,,攻撃,3,,,雷
ft_grass_briar_rose_a1,いばらの手当て,1,front1,10,0,70,,回復,1,,,草
ft_grass_briar_rose_a2,棘の返礼,2,front1,-10,0,50,,攻撃,1,,,草
ft_grass_three_bears_a1,森の抱擁,1,self,10,0,75,,回復,1,,,草
ft_grass_three_bears_a2,熊のひと押し,2,front1,-10,0,50,,攻撃,1,,,草
ft_grass_rapunzel_a1,癒しの長髪,2,front2,10,10,65,,回復,2,,,草
ft_grass_rapunzel_a2,塔上の蔦,2,front2,-10,0,45,,妨害,2,,fracture,草
ft_grass_hansel_gretel_a1,パンくずルート,1,self,10,10,75,1,回復,3,,,草
ft_grass_hansel_gretel_a2,お菓子罠,2,side1,-10,0,50,,妨害,2,,smell,草
ft_grass_little_elder_a1,花粉の祈り,1,front1,10,10,65,,回復,2,,,草
ft_grass_little_elder_a2,小さな棘,1,front1,-10,0,50,,攻撃,1,,,草
ft_grass_green_knight_a1,再生枝,2,self,20,10,75,,回復,3,,,草
ft_grass_green_knight_a2,緑刃,3,front1+side1,-20,0,50,,攻撃,2,,,草
ft_grass_world_tree_fairy_a1,大樹の祝福,3,front2+side1,20,10,70,,回復,3,,,草
ft_grass_world_tree_fairy_a2,根の封印,4,front2,-10,0,45,,妨害,2,,silence,草
ft_wind_peter_pan_a1,空中突き,1,front2,-10,0,60,,攻撃,1,,,風
ft_wind_peter_pan_a2,影の回避,1,self,0,10,65,,回復,2,evade,,風
ft_wind_tinker_bell_a1,妖精粉,1,front2,0,10,60,1,回復,2,,,風
ft_wind_tinker_bell_a2,きらめき針,1,front2,-10,0,45,,攻撃,1,,,風
ft_wind_flying_carpet_a1,滑空斬り,2,front3,-10,0,50,,攻撃,1,,,風
ft_wind_flying_carpet_a2,風よけ,1,self,0,10,70,,回復,2,evade,,風
ft_wind_nightingale_a1,風歌,1,front3,10,10,65,,回復,2,,,風
ft_wind_nightingale_a2,音の刃,2,front3,-10,0,50,,攻撃,1,,,風
ft_wind_wild_swans_a1,白翼連携,2,front2+rf1+lf1,-10,0,50,,攻撃,1,,,風
ft_wind_wild_swans_a2,羽ばたき,1,self,0,10,75,,回復,2,,,風
ft_wind_glass_mountain_a1,山風の槍,2,front4,-20,0,40,,攻撃,2,,,風
ft_wind_glass_mountain_a2,滑落誘導,2,front2,-10,0,45,,攻撃,1,knockback,,風
ft_wind_pegasus_messenger_a1,天馬疾走,2,front4,-10,0,60,1,補助,2,,,風
ft_wind_pegasus_messenger_a2,星風の一撃,4,front3,-30,0,40,,攻撃,2,,,風
ft_steel_tin_heart_a1,ブリキ拳,1,front1,-10,0,55,,攻撃,1,,,鋼
ft_steel_tin_heart_a2,心臓ガード,1,self,10,0,75,,回復,1,armor,,鋼
ft_steel_iron_hans_a1,鉄腕,2,front1,-20,0,55,,攻撃,2,,,鋼
ft_steel_iron_hans_a2,鎖の守り,2,self,20,0,75,,回復,2,,,鋼
ft_steel_clockwork_duck_a1,ぜんまい突撃,1,front1,-10,0,60,,攻撃,1,,,鋼
ft_steel_clockwork_duck_a2,歯車補修,1,self,10,0,70,,回復,1,,,鋼
ft_steel_nutcracker_a1,くるみ割り,2,front1,-20,0,60,,攻撃,2,,,鋼
ft_steel_nutcracker_a2,軍靴前進,1,front1,-10,0,70,,攻撃,1,knockback,,鋼
ft_steel_castle_gate_a1,城門防衛,2,self,20,0,80,,回復,2,,,鋼
ft_steel_castle_gate_a2,門扉打ち,3,front1,-20,0,50,,攻撃,2,knockback,,鋼
ft_steel_silver_shoes_a1,銀靴キック,1,front1+side1,-10,0,55,,攻撃,1,,,鋼
ft_steel_silver_shoes_a2,靴磨き,1,self,10,10,75,,回復,2,,,鋼
ft_steel_colossus_castle_a1,巨城拳,3,front1,-20,0,60,,攻撃,2,,,鋼
ft_steel_colossus_castle_a2,動く城壁,4,self,30,0,80,,回復,2,armor,,鋼
ft_light_cinderella_a1,硝子ステップ,1,front1+side1,-10,0,75,,攻撃,1,,,光
ft_light_cinderella_a2,午前零時の祈り,2,self,10,10,75,,回復,2,,,光
ft_light_snow_white_a1,七色の祈り,1,front1,10,10,75,,回復,2,,,光
ft_light_snow_white_a2,林檎の閃き,2,front1,-10,0,60,,攻撃,1,,,光
ft_light_holy_mirror_a1,真実の光,2,front2,-10,0,70,,妨害,2,,blind,光
ft_light_holy_mirror_a2,鏡面反射,2,self,10,10,70,,回復,2,,,光
ft_light_star_child_a1,銀貨の光,1,front1,10,0,70,1,回復,2,,,光
ft_light_star_child_a2,小星,1,front2,-10,0,55,,攻撃,1,,,光
ft_light_prince_swan_a1,光羽斬り,2,front2,-10,0,70,,攻撃,1,,,光
ft_light_prince_swan_a2,誓いの羽衣,3,front1,10,10,75,,回復,2,,,光
ft_light_aladdin_lamp_a1,願いの灯,2,front2,10,10,75,1,回復,3,,,光
ft_light_aladdin_lamp_a2,光の三願,4,front2,-20,0,55,,攻撃,2,,,光
ft_light_saint_storyteller_a1,物語の祝福,3,front2+side1,20,10,75,,回復,3,,,光
ft_light_saint_storyteller_a2,白紙の裁き,4,front2,-20,0,60,,妨害,3,,silence,光
ft_dark_big_bad_wolf_a1,吹き飛ばす息,2,front1,-20,0,45,,攻撃,2,knockback,,闇
ft_dark_big_bad_wolf_a2,丸のみ,3,front1,-30,0,20,,攻撃,2,,,闇
ft_dark_witch_candy_a1,甘い毒,2,side1,-10,-10,45,,妨害,3,,poison,闇
ft_dark_witch_candy_a2,かまどの影,3,front1,-20,0,30,,攻撃,2,,,闇
ft_dark_black_swan_a1,呪舞,2,front1+side1,-10,-10,40,,妨害,3,,jinx,闇
ft_dark_black_swan_a2,黒羽裂き,2,front1,-20,0,50,,攻撃,2,,,闇
ft_dark_shadow_piper_a1,影笛,1,front2,0,-10,45,,妨害,3,,silence,闇
ft_dark_shadow_piper_a2,暗い路地,2,side1,-20,0,35,,攻撃,2,,,闇
ft_dark_queen_apple_a1,毒林檎,2,front1,-10,-10,45,,妨害,3,,poison,闇
ft_dark_queen_apple_a2,嫉妬の刃,4,front1,-40,0,25,,攻撃,3,,,闇
ft_dark_sleep_curse_a1,眠りの針,3,front2,-10,-10,40,,妨害,3,,silence,闇
ft_dark_sleep_curse_a2,呪糸乱舞,4,front1+rf1+lf1,-30,0,25,,攻撃,2,,,闇
ft_dark_dragon_mirror_a1,黒鏡ブレス,4,front2,-40,-10,40,,攻撃,4,,,闇
ft_dark_dragon_mirror_a2,反転の咆哮,5,front1+side1,-50,0,20,,攻撃,4,,,闇
ft_illusion_alice_a1,迷子の一歩,1,front2,-10,0,65,1,補助,2,,,幻
ft_illusion_alice_a2,小さな扉,2,side1,0,-10,50,,攻撃,2,,,幻
ft_illusion_cheshire_a1,消える爪,1,front1+side1,-10,0,60,,攻撃,1,evade,,幻
ft_illusion_cheshire_a2,にやり笑い,2,front2,0,-10,45,,妨害,3,,blind,幻
ft_illusion_mad_hatter_a1,時間のお茶,2,self,10,10,75,1,回復,3,,,幻
ft_illusion_mad_hatter_a2,逆さ時計,3,front2,-10,-10,45,,攻撃,2,,,幻
ft_illusion_little_muk_a1,幻足,1,front2,-10,0,65,,攻撃,1,,,幻
ft_illusion_little_muk_a2,すり抜け,1,self,0,10,70,,回復,2,evade,,幻
ft_illusion_bremen_a1,幻奏,2,front2+side1,-10,-10,50,,妨害,3,,smell,幻
ft_illusion_bremen_a2,四重奏ドロー,2,self,0,10,75,1,回復,2,,,幻
ft_illusion_moon_rabbit_a1,夢餅,2,front1,10,10,60,,回復,2,,,幻
ft_illusion_moon_rabbit_a2,月面幻惑,2,front2,-10,-10,45,,妨害,3,,jinx,幻
ft_illusion_dream_king_a1,夢渡り,3,front3,-10,-10,60,1,補助,3,,,幻
ft_illusion_dream_king_a2,終わらない物語,5,front2+side1,-20,-10,35,,妨害,4,,blind,幻