actionId,name,cost,range,hpDelta,spDelta,rate,draw,role,power,tags,addStatus,ownerType,bonus
slash,斬撃,1,front1,-20,0,75,,攻撃,3,,,火,
borusiti,ボルシチダイナマイト,2,front1,-40,0,20,,攻撃,3,,,火,
hakkei,発勁,3,"rf1+lf1",-30,0,50,,攻撃,3,,,火,
MA1,マーシャルアーツ1,2,"front1+rf1",-20,0,50,,補助,4,,followUp,火,
tomoenage,巴投げ,3,"rf1+lf1",-20,0,60,,妨害,4,knockback:kb2,,火,
hakkou,八光,3,"front1+side1+rf1",-20,0,60,,攻撃,4,,,火,
back_drop,バックドロップ,3,back1,-50,0,40,,攻撃,4,,,火,
tuki,突き,1,side1,-10,0,40,,攻撃,1,,,水,
taisyuu1,ワキガかがせ,2,side1,0,0,35,,妨害,2,,smell,水,
syuriken,手裏剣,2,front2,-10,0,65,,攻撃,1,,,風,
twinslash,ツインスラッシュ,3,"side1+f2",-10,0,85,,攻撃,4,aoe,,風,
wind_syuriken,風手裏剣,2,front3,-10,0,60,,攻撃,3,pierce,,風,
ukemi,受身,1,self,0,0,50,,防御,3,,evade,風,
hadouken,波動拳,3,front4,-20,0,50,,攻撃,3,,,風,
kirisaku,切り裂く,2,side1,-10,0,50,,妨害,3,,lostSoul,光,
huiuti,不意打ち(確定攻撃),1,front1,-10,0,100,,攻撃,3,,,光,
low_kick,ローキック,2,"back1+front1",-10,0,55,,妨害,3,,fracture,光,
apper,アッパー,2,"rf1+lf1",-30,0,35,,攻撃,3,,,光,
soul_drain,吸い取る,2,front1,0,-10,50,,攻撃,2,,,闇,
osou,襲いかかる,2,f2,-10,-10,20,,攻撃,2,,,闇,
sukasippe,すかしっぺ,4,"side1+front1",0,-20,35,,攻撃,3,,,闇,
ougi1,奥義・オマン付き,4,front1,-20,-20,25,,攻撃,4,,,闇,
taisyuu2,フロキャン,3,side1,0,-10,40,,妨害,3,,lostSoul,闇,
inv_daibakuhatu,インバータ大爆発,4,adj4,-50,0,20,,攻撃,4,,,闇,
mekakusi_play,目隠しプレイ,1,side1,0,0,40,,妨害,3,,blind,闇,
inv_kaku,インバータ核爆発,4,"adj4+rf1+lf1",-200,0,5,,攻撃,3,,,闇,
spark,ばちばち,2,rf1,-10,0,50,1,ドロー,3,,,雷,
teate1,傷薬,1,front1,10,0,65,,回復,2,,,草,
teate2,救急手当,2,side1,20,0,50,,回復,3,,,草,
mental_bunseki,精神分析,1,front1,0,10,30,,回復,2,,,草,
hug,抱きつく,3,front1,0,-10,45,,攻撃,2,,,,
hataku,はたく,1,front1,-10,0,40,,攻撃,1,,,,
hikkaki,ひっかく,1,side1,-10,0,35,,攻撃,1,,,,
kobusi,こぶし,1,front1,-10,0,50,,攻撃,2,,,,
kick,キック,1,"front1+side1",-20,0,30,,攻撃,2,,,,
kumituki,組み付き,1,front1,-10,0,80,,攻撃,3,,,,
hundgun,ハンドガン,2,front2,-10,0,75,,攻撃,2,,,,
shotgun,ショットガン,2,"rf1+front1+lf1",-10,0,35,,攻撃,3,aoe,,,
tubatobasi,唾飛ばし,1,rf1,0,10,25,,攻撃,2,,,,
sigotoatae,重圧,4,"front1+lf2",-10,-10,60,,攻撃,,,fracture,草,
119,緊急治療,2,front2,10,10,50,,回復,4,,,草,
asekaki,汗を擦り付ける,1,side1,0,-10,30,,妨害,3,,,,
senbonnaihu,千本ナイフ,3,"front3+rf1",-20,0,70,,攻撃,4,,bleed,風,"[{""when"":""<=40"",""addStatus"":""bleed"",""v"":10}]"
ozi_ASMR,中年男性シコ音声,3,"rf1+side1",-10,-10,70,,攻撃,4,knockback:kb2,2,闇,
masaguru,まさぐる,2,self,0,0,50,1,補助,3,,,光,
ororon,オロロンちょちょパァ,2,self,0,0,70,1,補助,4,,,光,
raigeki,雷撃,1,front2,0,0,65,,妨害,2,,fracture,雷,
railgun,レールガン,3,front1,-10,0,80,,攻撃,4,,combo,雷,
kubityonpa,首チョンパ,2,back1,-20,0,75,,攻撃,3,,,雷,
penis_slag,ペニスラッグ弾,2,front2,-20,0,40,,攻撃,3,,,水,
syouninnyoukyuu,承認要求,3,self,10,10,80,,回復,3,,,水,
ottateru,おったてる,2,side1,0,0,70,,補助,4,,hitUp,光,30
kaiten,黄金の回転E,3,"rf1+back1",10,0,70,,補助,4,,powerUp,光,10
kabau,庇う,1,lf1,0,0,50,,補助,2,,armor,水,10
drag1,やばお薬,2,front1,10,0,60,,補助,3,,recoverMove,雷,10
denki,電気信号,3,front1,0,0,70,,補助,4,,recoverFatigue,雷,
sigamituku,しがみつく,2,rf1,-10,0,50,,妨害,3,,jinx,闇,10
justnacle,ジャストナックル,2,front1,-30,0,70,,攻撃,5,,,火,
osaeru,押さえつける,2,rf1,-10,0,70,,攻撃,4,,fracture,火,
airgun,空気砲,1,front2,-10,0,40,,攻撃,3,,,風,
bouhuuiki,暴風域,4,"side1+rf1+lf1",-20,0,75,,攻撃,4,,bleed,風,"[{""when"":""<=40"",""addStatus"":""bleed"",""v"":10}]"
switchback,スイッチバック,2,"front1+back1",-20,0,50,,攻撃,4,pierce,,,
DDT,DDT,3,"lf1+front1",-20,0,60,,攻撃,4,,fracture,火,
saiko,サイコキネシス,2,side1,0,-10,40,,妨害,3,,,闇,
windball,炸裂弾,2,front3,-10,0,85,,攻撃,4,,,風,"[{""when"":""<=40"",""addStatus"":""bleed"",""v"":10}]"
karamu,絡む,1,rf1,-10,0,35,,攻撃,,,,,,
darugarami,ダル絡み,2,"rf1+back1",0,-10,65,,攻撃,,,,,,
Techkyouiku1,テック式教育,3,front2,0,-20,50,,攻撃,,,,,,
kumihuseru,組み伏せる,2,"front1+side1",-10,0,60,,妨害,4,,fracture,,,
tamakin1,玉金プレス,3,"side1+back1",-10,0,50,,妨害,3,aoe,bleed,,,
hoppezyorizyori,ホッペじょりじょり,1,"front1+rf1",-10,0,75,,妨害,4,,lostSoul,雷,
rakurai,落雷,3,front3,-20,0,75,,攻撃,5,,,雷,,
teate,応急手当て,1,front1,10,0,40,,回復,1,,,,,
gansya,ガンジャー,4,lf1,0,0,70,,妨害,4,,"smell+blind",闇,,
kokuhaku,告白,2,"front1+back1",0,-50,3,,攻撃,1,,lostSoul,闇,,
