cardID,cardName,type,cost,hp,sp,act,recommendedMana
A,剣士,火,2,30,10,slash,2
B,盾つかい,水,2,30,30,tuki,2.1
C,忍者,風,2,30,20,syuriken,2.2
D,ちんげ小僧,雷,3,30,20,spark,3.1
E,悪魔,闇,3,20,20,soul_drain,3.1
kasabuta,瘡蓋,闇,1,20,10,hataku,2
real_battler,バトラー(本物),闇,6,70,30,hug,6.4
inv,インバータ,火,1,30,10,kobusi,1.9
othimpo,おちんぽ,水,5,30,40,soul_drain,4.5
konow,こうの,鋼,2,50,10,hug,2
huta,颯太,風,7,40,30,"[""syuriken"",""sukasippe""]",8.2
homeless,ホームレス,闇,2,30,30,"[""hataku"",""kick""]",3.9
kusodebukonow,クソデブkonow,鋼,8,60,20,"[""kobusi"",""hikkaki""]",3.7
yarisamurai,やり捨てごめん侍,雷,4,30,20,twinslash,4.7
B_2,大楯使い,水,4,30,30,"[""kobusi"",""taisyuu1""]",4.1
real_battler_gatimon,ガチモンバトラー,闇,8,80,30,"[""osou"",""inv_daibakuhatu""]",10.8
STST,ちぃ,風,1,20,10,"[""hataku"",""hug""]",1.8
siwasiwakintama,シワシワキン玉,雷,6,50,20,"[""hakkei"",""ougi1""]",10.3
wanita,ワニータ,水,2,30,20,taisyuu1,2.1
wanita2,パワハラワニータ,水,5,60,20,"[""taisyuu2"",""hikkaki""]",5.8
kirisakihan,切り裂き魔王,火,7,60,20,"[""kirisaku"",""borusiti""]",5.7
decoy,練習用デコイ,光,1,10,10,kobusi,-0.2
prototype_A,練習用キャラ,光,1,20,10,huiuti,0.7
kakutou_konow,格闘こうの,火,4,50,20,"[""low_kick"",""hakkou""]",6
kamogawa_rosyutu,鴨川露出狂,風,4,30,30,"[""wind_syuriken"",""mekakusi_play""]",4
sinsotu,Tech能 新卒,光,2,20,20,"[""mekakusi_play"",""kobusi""]",2.3
hatiouzi_CDA,八王子_CDA,光,5,70,30,"[""kobusi"",""ougi1""]",9.6
kasu_sitenntyou,カス支店長,光,6,60,30,"[""taisyuu2"",""kirisaku""]",8.1
sasaki,佐々木,火,8,60,20,"[""ukemi"",""tomoenage""]",5.1
narse,ただのナース,草,3,20,20,"[""teate1"",""hikkaki""]",2.2
medic,医者,草,5,40,30,"[""teate2"",""mental_bunseki""]",5.3
konow3,化け物こうの,鋼,10,120,20,"[""hataku"",""back_drop""]",10
sagisi,サギ師,闇,4,50,20,"[""hataku"",""kirisaku""]",5
kennsyuusei,研修生,光,1,20,10,mental_bunseki,0.8
myau,ミャウ,闇,6,30,60,"[""inv_kaku"",""ukemi""]",9.7
STST2,シャチ,風,5,30,30,"[""hadouken"",""apper""]",6.2
gomu,ゴム,風,3,40,20,hundgun,2.6
huuzokujou,風俗嬢,風,9,70,40,"[""shotgun"",""tuki""]",8.1
world_homeless,世界のホームレス,闇,10,50,50,"[""taisyuu2"",""sigotoatae""]",14
Hi-yama,ひーやま,火,3,20,20,"[""taisyuu2"",""sigotoatae""]",6.9
H-narse,どエロナース,草,8,50,50,"[""119"",""shotgun""]",9
tatihirosi,タチひろし,火,2,30,10,slash,2
gandatihirosi,ガンダチひろし,火,4,60,10,"[""kobusi"",""borusiti""]",4
bikidatihirosi,ビキ立ちひろし,火,7,70,20,"[""hakkou"",""hakkei""]",7
mizugi,水着,水,1,20,30,hikkaki,1
asekakihiyama,汗っかきひやーま,水,4,50,30,asekaki,4
betobetohiyama,肌ベトひやーま,水,8,90,30,"[""hundgun"",""taisyuu2""]",8
kusohana,クソハナ,草,1,20,10,teate1,1
supiki,スピ木,草,5,40,20,"[""mental_bunseki"",""low_kick""]",5
genkimori,元気もりもり高森,草,9,60,40,"[""119"",""soul_drain""]",9
tumuzi,つむじ,風,1,20,10,syuriken,1
taihu-n,タイフーン,風,4,30,20,"[""wind_syuriken"",""shotgun""]",4
arasi,職場荒らしの高浪,風,10,60,40,"[""senbonnaihu"",""hadouken""]",10
saiyou,採用担当,闇,2,20,10,tubatobasi,2
lie_user,嘘つき採用,闇,5,40,20,"[""hug"",""osou""]",5
homeless_president,ホームレス大統領,闇,10,60,40,"[""shotgun"",""ozi_ASMR""]",10
ryuguna,リュグナー,光,2,30,20,kumituki,2
okkotyu,甲骨君,光,6,40,30,"[""apper"",""masaguru""]",6
pikakin,ピカきん,光,9,70,50,"[""ororon"",""shotgun""]",9
thief,泥棒,雷,2,10,30,raigeki,2
kosodoro,コソ泥マスター,雷,4,30,20,"[""kick"",""shotgun""]",4
kyarua,キャルア,雷,9,70,30,"[""MA1"",""railgun""]",9
kangoku,監獄,鋼,5,80,20,hikkaki,5
penis_slag,ペニスラッグ弾,