id,name,kind,cost,effect
S001,しこり咲き,support,3,"{""type"":""draw"",""rate"":80,""n"":1}"
S002,救急処置,support,1,"{""type"":""heal"",""rate"":70,""hp"":10}"
S003,集中,support,1,"{""type"":""modRate"",""rate"":75,""delta"":10}"
S004,こーののエロ画像,support,2,"{""type"":""modRate"",""rate"":80,""delta"":-15}"
S005,火炎瓶,support,2,"{""type"":""dmg"",""rate"":40,""hp"":20,""sp"":0}"
S006,配属通知書,support,2,"{""type"":""dmg"",""rate"":40,""hp"":0,""sp"":10}"
S007,強化剤,support,1,"{""type"":""powerUp"",""rate"":60,""delta"":10}"
S008,解毒薬,support,1,"{""type"":""cleanse"",""rate"":70}"
S009,強制脱出装置,support,8,"{""type"":""bounce"",""rate"":80}"
S010,部署移動,support,5,"{""type"":""swapPos"",""rate"":70}"
S011,島流,support,2,"{""type"":""moveTo"",""rate"":50,""maxDist"":2}"
S012,インバータメテオ,support,4,"{""type"":""dmg"",""rate"":70,""hp"":20,""sp"":0}"
S101,光速反応,support,2,"{""type"":""addStatus"",""rate"":75,""status"":""evade"",""v"":1,""turns"":2,""cond"":{""attr"":""雷""}}"
S102,寝取られ本,support,3,"{""table"":[
  {""min"":1,""max"":35,""label"":""スワッピング"",""effect"":{""type"":""swapPos"",""maxDist"":2}},
  {""min"":36,""max"":70,""label"":""脳破壊"",""effect"":{""type"":""lostSoul""}},
  {""min"":71,""max"":100,""label"":""失敗"",""effect"":null}
]}"
S103,運命の電話,support,2,"{""table"":[
  {""min"":1,""max"":20,""label"":""大成功"",""effect"":{""type"":""draw"",""n"":3}},
  {""min"":21,""max"":50,""label"":""成功"",""effect"":{""type"":""heal"",""hp"":20,""sp"":10}},
  {""min"":51,""max"":80,""label"":""不発"",""effect"":null},
  {""min"":81,""max"":100,""label"":""失敗"",""effect"":null}
]}"
S104,属性増幅,support,1,"{""type"":""powerUp"",""rate"":75,""delta"":10,""cond"":{""attrIn"":[""火"",""水"",""雷"",""光"",""闇""]}}"
S105,消火器ブッパ,support,2,"{""type"":""dmg"",""rate"":70,""hp"":20,""cond"":{""attr"":""火""},""drawback"":{""selfHp"":10}}"
S106,やるんだな!今ここで！,support,2,"{""type"":""draw"",""rate"":65,""n"":2,""drawback"":{""discard"":1}}"
S107,徹夜テンション,support,1,"{""type"":""modRate"",""rate"":100,""delta"":10,""drawback"":{""selfSp"":10}}"
S108,禁断の強化剤,support,2,"{""type"":""powerUp"",""rate"":80,""delta"":20,""cond"":{""hpPct"":{""max"":50}},""drawback"":{""selfHp"":20}}"
S109,メンテナンス窓,support,1,"{""type"":""heal"",""rate"":90,""hp"":10,""cond"":{""status"":{""lacksAny"":[""bleed""]}}}"
S110,強制ログアウト,support,4,"{""type"":""bounce"",""rate"":60,""cond"":{""mana"":{""seat"":""CASTER"",""curMin"":4}},""drawback"":{""mill"":2}}"
S111,マナ増幅回路,support,2,"{""type"":""manaUp"",""rate"":85,""delta"":1,""drawback"":{""discard"":1}}"
S112,回避プロトコル,support,2,"{""type"":""grantEvade"",""rate"":75,""v"":1,""turns"":1}"
S113,応急パッチ,support,1,"{""type"":""cleanse"",""rate"":80,""cond"":{""status"":{""hasAny"":[""bleed"",""poison"",""blind""]}}}"
S114,有線LAN引き抜き,support,3,"{""type"":""moveTo"",""rate"":65,""maxDist"":3,""drawback"":{""mill"":1}}"
S115,人事シャッフル,support,5,"{""type"":""swapPos"",""rate"":75,""cond"":{""mana"":{""seat"":""CASTER"",""curMin"":5}}}"
S116,雷鳴の追い打ち,support,2,"{""type"":""dmg"",""rate"":70,""hp"":10,""sp"":10,""cond"":{""attr"":""雷""},""drawback"":{""discard"":1}}"
S117,光の加護,support,2,"{""type"":""heal"",""rate"":75,""hp"":20,""cond"":{""attr"":""光""}}"
S118,闇の契約,support,2,"{""type"":""draw"",""rate"":100,""n"":2,""cond"":{""attr"":""闇""},""drawback"":{""selfHp"":20}}"
S119,氷点下ブレーキ,support,2,"{""type"":""addStatus"",""rate"":70,""status"":""lostSoul"",""v"":1,""turns"":2,""cond"":{""attr"":""水""},""drawback"":{""mill"":2}}"
S120,ガンダち処理,support,2,"{""type"":""powerUp"",""rate"":90,""delta"":20,""cond"":{""hp"":{""max"":10}}}"
S121,安全確認ヨシ,support,1,"{""type"":""grantEvade"",""rate"":100,""v"":1,""turns"":1,""drawback"":{""discard"":1}}"
S122,過電流テスト,support,4,"{""type"":""dmg"",""rate"":65,""hp"":30,""drawback"":{""selfHp"":10,""selfSp"":10}}"
S123,通信途絶,support,2,"{""type"":""addStatus"",""rate"":40,""status"":""blind"",""v"":1,""turns"":1}"
S124,再配置命令,support,2,"{""type"":""moveTo"",""rate"":80,""maxDist"":2}"
S125,リスク分散,support,2,"{""table"":[
  {""min"":1,""max"":30,""label"":""攻め"",""effect"":{""type"":""powerUp"",""delta"":20,""drawback"":{""selfHp"":10}}},
  {""min"":31,""max"":70,""label"":""守り"",""effect"":{""type"":""heal"",""hp"":20,""sp"":10}},
  {""min"":71,""max"":100,""label"":""空振り"",""effect"":null}
]}"
S126,歯科検診の棒,support,3,"{""type"":""modRate"",""rate"":100,""delta"":10}"
S127,残業代の幻覚,support,1,"{""type"":""manaUp"",""rate"":70,""delta"":2,""drawback"":{""mill"":3}}"
S128,カフェイン点滴,support,2,"{""type"":""heal"",""rate"":80,""sp"":20,""drawback"":{""discard"":1}}"
S129,デバッグ地獄,support,2,"{""type"":""draw"",""rate"":90,""n"":1,""cond"":{""status"":{""hasAny"":[""blind"",""silence"",""poison""]}},""drawback"":{""selfSp"":10}}"
S130,緊急停止ボタン,support,6,"{""type"":""bounce"",""rate"":70,""drawback"":{""discard"":2,""mill"":2}}"
S140,シャッフルやぁぁ！！,support,5,"{""type"":""draw"",""rate"":85,""n"":3}"